a;b;c;d;e;f;g;h;i;class;step_in_class_index
40.7166077959568;52.8937973738903;87.1807423880723;171.609923871876;32.6514314694115;161.485142245159;180.288360624953;107.429277626779;124.002689346047;A;1
14.7673483055299;46.2356167697999;40.2581434276968;137.147297949701;82.9532117582694;141.26916513599;95.715614136389;142.128004561847;175.540390935157;B;1
76.0916615433361;138.027350332211;149.743053112457;60.7044815901891;115.768105337916;17.5702232827267;54.181621185739;74.7218213917619;12.8576662191465;C;1
67.7063701511018;164.577184391021;58.0263130868793;81.8378964401271;105.366132234117;95.1455091724741;24.5902511515907;139.540932345094;127.41542397868;D;1
151.774252195316;38.3045972929001;127.715489162209;78.7703233273598;134.884061904883;121.216486971752;145.448253275266;98.4691574727039;82.6554498005158;E;1
146.065180507772;18.9384282311741;86.5106239796492;143.753389621777;125.344344336877;82.5649413686319;151.270582759597;74.861164216936;34.7426525212744;F;1
6.60196455358319;24.6765937541974;48.6939910027062;92.1902126595611;129.514177969395;73.7254492891445;192.719517817076;65.7156207240992;96.3679026797491;G;1
63.2422382679989;120.956310938356;64.7403253774741;91.3867302472969;160.538078634866;28.1170764948631;164.881773939005;59.3966378152688;146.488734582652;H;1
51.109397087767;58.1515032789798;71.4440619554333;162.739915264888;168.728067466646;73.3443598747857;148.322915072752;183.7635378683;91.3956684780041;I;1
142.582879185674;87.7779043506392;61.1047587681179;134.93119129958;27.7843724692183;136.017545081615;-0.291975388560076;51.4862519654685;32.3841354206036;J;1
67.5955583506366;72.9446430278068;73.7158684499815;165.16249322781;31.2714472328911;166.57073225651;156.766910528242;115.951846708005;102.530619329347;A;2
7.44931391949651;25.3396540731606;31.8043735446539;133.311440093701;75.2132248310314;155.827066166248;79.8192565938879;128.672145348868;173.153232787873;B;2
57.9649860350166;138.38371448866;173.343597311683;42.2734429709224;117.200863732912;23.6242458805451;42.22896165066;60.8764336016271;-10.5636214947441;C;2
74.5270285470282;137.355254026986;50.4156193926429;82.1100386330413;110.675151572704;78.9390645194036;27.8390401012287;143.947216359752;122.226347728739;D;2
141.612628891965;17.4772641987077;137.316300056017;51.6315675776171;134.647345107141;111.866422797598;147.364306779358;85.5873539246766;59.9536648236384;E;2
166.100299309149;-21.7236602793771;89.2111752065238;123.865841109388;120.426381493435;88.3481469041122;152.644634754252;74.6137072092692;56.1774858778262;F;2
12.3298284587592;31.0439305030479;66.6921820226587;93.1546162013459;109.896871278387;70.535461052214;161.331886109629;49.1997337922268;85.5406689278688;G;2
66.7284349782625;110.801254062367;38.0096217251264;60.993893469969;128.650341470151;13.4689038896957;169.453464998952;58.8523218296269;159.246971807637;H;2
62.6830496363816;55.7796991566112;76.0374250646192;182.705220769078;148.392098691271;76.8468075578687;118.828313751712;197.90475737822;76.0153011340599;I;2
120.819910079839;70.3058030785756;40.8480738516428;121.388064345821;32.3367002309079;120.246310892539;21.1717257449733;45.6396714110683;40.1430967288914;J;2
49.6794823607214;73.1044836745135;99.8889019868819;151.869883442867;36.2460686553367;142.517531983893;178.675577041701;104.165568215173;115.136619148024;A;3
-6.92805760474877;43.8588252541012;18.3922080316741;138.241494647958;75.4731584734212;158.764780996074;100.332938189848;138.463766355563;168.72722266776;B;3
83.0618809138108;145.61965956228;175.128501880524;16.2868943436785;112.209470158898;26.9520224217273;46.0411940687958;66.6203301052261;1.62724822566196;C;3
70.3623656547231;150.818926190423;61.9756259262883;94.1650475960701;99.3517623832286;99.3391235903455;29.1830299294074;163.020921910393;129.33143047038;D;3
164.689291634395;5.79694009703066;152.165493880033;70.5893096504072;163.932008708983;113.349686481083;139.105659368014;100.084216107642;80.8884765790293;E;3
146.839216993098;0.312393976703741;74.3243357135669;136.375240375753;134.630344235254;86.9077081574417;150.706919100029;94.9251570838853;43.3487389124477;F;3
5.62276417687275;20.6830501555728;68.7457879338183;102.13527000023;126.129372349244;51.6975561880574;160.071570262377;52.6763358608974;74.6703946354589;G;3
65.9383048886452;108.925872856968;41.1693369130319;76.5535054604889;154.935627445917;18.744375296527;144.019642642346;55.6067383063822;135.644868202468;H;3
53.0620517321324;59.3910781987685;71.1769440001407;153.537251994618;145.803685260865;74.8767659384974;137.95177630047;192.698166096627;99.2007096147262;I;3
115.716308166272;60.3223631402972;64.2930610430037;106.306193612671;56.9727817456824;118.934931695829;24.2457071530014;30.5268060604083;27.4682492851388;J;3
50.7060217207526;66.8992117924662;88.7798283566193;153.866878958611;48.5672408283478;156.416644138918;164.469485408772;123.192566262336;118.381514457261;A;4
6.68860995197727;38.3639774978482;21.2283652699541;127.465994937568;72.2088993982486;152.007222768292;78.452610825997;119.408241272797;179.797044282777;B;4
68.4173858144982;138.481383552953;160.915822824844;43.2363297266988;123.544607734725;27.2942578392719;31.7933661123534;81.4302534966967;-13.4022179374716;C;4
69.5732455141207;154.905242662324;63.3718920462955;107.044980822784;108.535263001026;86.3063843912927;29.6409294393809;153.336793651702;121.054420476833;D;4
137.067965468893;37.0653726876633;120.278763016631;74.6756676232311;146.662075026565;120.161872040871;158.154217378452;95.2555605005415;108.826493799155;E;4
136.397434375917;11.8254815442659;96.6799149386379;136.453059444655;108.929344566177;72.5044600798885;149.432702828206;75.0808366393354;57.8175054602337;F;4
11.3704423348526;29.0182196383737;44.9391634678163;94.1019507017177;126.586812213372;84.9487879501291;157.951057905823;61.7356076744643;77.4610174318106;G;4
71.6119113194868;107.92461454439;48.6093908809608;81.2697823312577;159.35915469732;-3.92291886300086;185.371710745213;50.3830677005333;166.257534122072;H;4
47.1673600442773;61.7229059278327;87.1740944111376;168.08480866073;176.478834280224;60.1542097189627;120.345167026357;165.138527525779;93.2299645479277;I;4
134.192104044948;83.5472382725679;47.9058864275423;140.918032453845;38.1825491973642;134.768695181183;23.3298247485179;48.266558853762;33.9405579955189;J;4
51.1210630777132;66.4170876893573;98.8273712963236;164.771606782994;35.2239696975315;173.233360736356;176.686536338199;126.446319382447;129.897013309196;A;5
21.7525270569252;15.7818169995277;25.2184206875057;115.509505882298;70.9586142242659;121.243856424107;84.7995886504902;112.02129976185;188.692784052497;B;5
65.3644930618389;143.388597458558;177.84088486764;37.7841493135242;128.760559678701;28.6130058388978;59.9366162021755;71.4230835265489;7.68182142998264;C;5
72.530020371767;137.494797773829;76.8233457648047;94.5885905615888;122.69483680254;92.253938409542;41.5735411672121;137.309864970148;100.874652831179;D;5
145.634162838496;11.3181511284119;119.860005949359;80.7939248104611;151.849774466194;116.118024796929;141.461074791099;93.1282494507388;102.232627010544;E;5
136.658921394185;17.4396596330788;95.2071357919842;126.989947704957;135.834467519011;79.709881786439;143.34424167732;91.9818711741046;44.8268240446294;F;5
24.8009065459226;24.0602773240941;56.1744479827731;86.6630326951472;118.89015531525;64.6697215964622;167.551167925372;62.8640080409011;74.2568345331849;G;5
71.4350675107042;128.073373628042;26.7710670386041;91.2661579088347;142.913142749736;16.682223006;154.350009182313;59.0978504117162;149.597392419825;H;5
69.4051645437249;63.1455361586894;78.1841876867963;171.084799741639;167.437504849841;82.261844763664;131.058223149281;163.57947130065;68.2765719330427;I;5
144.120976714072;70.8973987767666;63.1748789431397;137.486268275978;72.8803421934919;113.116041212565;23.4173275033083;47.2912269632939;37.960789630212;J;5
53.376423621231;57.7391742033494;104.56467171382;160.344473345264;35.7627216308014;151.206402063498;175.835183069418;134.776819783498;111.522175006901;A;6
-1.64439340041876;53.0045610190661;7.35710224440492;114.857405098286;62.4571961096065;154.950196768826;88.7941953135746;138.232823236362;165.203497263797;B;6
62.6736781558131;140.390245818782;174.050128453579;33.9927849181565;121.759357469611;10.5265754610044;56.5873967240074;73.5119649674348;3.82586716719363;C;6
56.5837061236206;149.393068223006;67.8133393886499;71.9469040045684;103.863596112878;62.5758844227693;8.40883338266436;149.684171764546;107.409902314146;D;6
138.229168566381;28.0820836569854;127.222881914647;67.0562153418336;154.12316438607;116.645467549097;148.312668355869;110.141427776666;82.0246524926047;E;6
135.88045493186;14.9440260028618;78.8257293804087;143.166123847218;128.104164158216;89.4134722580789;149.307762976692;88.0268596734612;26.0086743089299;F;6
13.1433872175333;36.8604565730532;76.6446274376773;104.473485825152;132.322585385583;73.3566320672443;167.183056530316;60.9413378662595;75.8514239106019;G;6
50.7218248682302;111.126711036637;45.5430337226362;77.4303683535587;128.33815587965;6.42994325437249;169.034037965528;53.9169060252031;146.365682521751;H;6
63.9833157726157;56.1708093363217;85.6030515939291;162.703016302833;143.525352599684;73.6261206686148;141.313312811023;146.015387708861;88.5128780457414;I;6
121.706795729475;67.8367660862933;47.3288179669705;136.969643118694;52.1603365082354;126.227942501767;22.7938118729155;38.5174622586965;19.8209126087944;J;6
65.4644320593045;63.2257277064183;89.6723041695793;146.85091367064;38.5556055846527;170.924475840091;143.739955179032;131.935590973214;124.839021674606;A;7
18.2886034443337;33.4091140248506;16.5486577445983;131.772512200173;59.9145627040666;141.580899621836;77.4136552541207;127.268416042048;165.21082826449;B;7
77.5080745931342;136.983365310554;164.027259495242;19.0621958704076;106.563553791436;29.5337848001351;55.5912461594576;63.1200533209621;-6.84729664845381;C;7
72.6716858508675;170.962556331683;74.8720640445923;74.3068864968359;102.398265720892;92.0921543315847;19.3598390128644;128.573358533;109.579061621536;D;7
159.784935735968;12.4544697406836;147.80591874059;84.0109417864079;153.674946952224;120.551345114875;139.804070593719;93.5028125409696;80.8383594825963;E;7
135.726757164612;0.317941360869145;101.58505905011;126.407745515493;119.418926059621;93.5699545433064;158.058025890243;70.7758604095866;38.1761882270631;F;7
8.10578118248524;24.4292733527826;69.8964629923725;91.1904094669798;132.579375392825;50.3578984894189;160.777538317216;46.780815311936;81.4779878579789;G;7
74.1538637391713;128.40440853804;44.0670580146776;69.9187717611923;140.374367001129;20.3428272021467;149.04541451136;61.9022170170316;143.895554345578;H;7
55.8960645154713;52.3583795133138;73.5017227564412;146.086060798111;157.539912607435;56.7257552423418;125.305995038598;170.568269205254;78.2717098327139;I;7
126.178834732644;66.9181242402123;55.2852605366713;139.784783951827;36.3294086398266;131.633418633275;24.5470642470666;56.8132014695082;35.6684017005374;J;7
43.8634800711582;72.2185078396024;78.9891026406189;161.731932911747;33.3269743052243;174.857668940768;150.967968908791;103.305621730964;122.775621789565;A;8
7.92159999867653;47.2529657472539;28.6422867207853;117.749827696239;67.4618778078583;134.088396490662;80.3335509130328;114.236616259761;161.456083946176;B;8
65.6151992684164;137.428493956683;184.845728645521;24.8453812219177;128.866063694823;14.5182725904446;46.9840074415082;58.5291884383515;5.34424781952444;C;8
73.7717155852824;142.244417755798;62.5723504098577;75.8014357728635;94.5342084843428;87.9747502784012;23.8668239996612;148.636129870418;108.833993986351;D;8
141.189870108078;36.5210629808229;141.226857114137;94.390433429478;158.638020693436;132.325077612795;139.298907973562;121.283385291083;93.5965854336788;E;8
137.024547082959;18.550312143199;90.7948212760208;128.551577026888;121.184838199878;86.9821064662631;163.619546379257;92.5553497877079;44.4150578852408;F;8
26.152616737795;10.8001973725686;49.1398043384085;101.094219494997;126.508146200695;74.7170558104527;164.498654116469;49.0648004819363;75.963966447009;G;8
57.685247268286;116.506008336132;63.8786140584072;93.9882086964049;137.351775878426;9.70009790482171;158.930463965019;53.2456800487107;142.942394863126;H;8
60.6074627481411;42.4848001898938;84.9593512599376;168.228161255563;142.122975670965;64.9213619525615;155.906586502772;185.552092790989;79.4574809441257;I;8
127.250734756528;77.6962161197862;48.8078494128466;139.223774240599;39.9536586188672;126.603104449672;20.7915372981234;47.2680636831405;26.448328848034;J;8
54.9182224360921;83.1057699166401;103.820203650727;150.953842957333;29.9187011168999;145.816029149687;172.896107084624;114.758585752398;95.9770027379679;A;9
10.3858846428983;20.702617010827;16.5942201669872;113.569074870704;80.3825928236595;150.912497256617;69.7467646146721;128.794902191833;169.18723076489;B;9
68.0299905835115;132.144454705546;176.884731926977;45.6995657763378;109.023947587309;19.2453687897161;48.4071225520295;81.3735223216209;15.3968029502618;C;9
62.0132274850475;150.132582892179;66.2785032574262;73.6908856589587;90.0440472013614;68.8274102006983;25.9191193913661;147.870620410809;114.424176356746;D;9
139.72047220831;12.6185387241025;126.720156990771;79.3047983064713;139.230232915211;116.296250860203;128.687765036938;101.570952618432;100.902454220851;E;9
142.685726108447;-16.1332395360967;81.0171228306698;126.481077224863;118.971452943307;83.5618630259601;165.041372355128;86.6615640431247;42.1140751046408;F;9
6.83328362349426;22.9135444235465;66.291846765822;89.3704072338459;110.901606968094;55.3095397046978;164.102252138108;47.4271833014938;75.7505763527756;G;9
65.1460032800804;101.838702673031;35.8189366648923;78.2424501846638;135.560079775799;35.6613596985322;167.011052799497;40.7678073470279;151.926249478888;H;9
47.2190872307071;59.8295111507705;75.9050153962044;158.294289089399;149.627839752415;59.0259417100939;130.83281362832;172.694519562418;79.9201755788652;I;9
131.318220776561;77.9288336118481;62.8058661082728;145.047535061467;32.3771839784929;114.466324596416;-2.1174764838395;56.410758572126;33.8502555845609;J;9
32.4270611302021;65.0003477197758;98.600470597815;168.014733974471;39.5826619708286;166.223166404495;171.670928824232;117.206786328787;111.118519211303;A;10
8.1117674157955;45.9955074066094;41.0310634224582;121.339470921167;57.5022031615757;148.903729848245;99.0179528816849;135.811463404869;170.018803050653;B;10
63.1235332537319;139.682989128382;166.26073350094;46.8857090777812;124.903054545682;20.6410603218983;73.5457689732669;64.0221546787419;-10.5564881792571;C;10
62.3088844657941;150.067747723828;73.2113295727865;103.334458126255;107.896290216012;91.1105391366044;42.3910775889216;139.752777294838;94.8774034164482;D;10
142.3942071523;25.8934468101605;135.223417339043;73.9657080466864;147.388055231704;105.448837387712;151.532264876955;103.917593625771;100.71210455178;E;10
122.940527447301;-0.138710980213135;63.449885965652;136.521367491714;104.32930596707;95.5243056698098;148.860226939805;75.0077936848342;44.2981665216691;F;10
24.4880616062765;35.6300206808524;43.5751936887128;96.1363538654297;116.14862296082;76.3577381530482;167.846215180862;61.2723601346027;93.1011405677589;G;10
43.1813169916347;116.974086961058;59.2707725908907;76.359115279431;132.379459671949;16.1745017182534;152.804558123569;70.5632918625416;146.035214424391;H;10
57.7677240338511;68.6076374795584;92.6511831549854;151.329839030645;164.054058870645;77.679271968105;144.138289488429;168.804921341692;84.718327008061;I;10
117.093441118235;74.0506154340354;48.892760659489;155.473391271161;50.3928110365149;137.991428992528;10.0689542427139;45.1960152803549;30.6519762093815;J;10
40.2833693536435;36.9018159454174;89.6556685531403;172.290180076822;48.6152097392402;154.384990204054;166.204052514042;128.151159579473;101.170512777506;A;11
31.9931941404451;23.4143041685843;42.1168693483765;131.084930117666;58.0052946569511;143.380408000848;74.9892055184109;143.767283636513;178.513395060927;B;11
68.5802884951145;135.699117236115;160.129177002433;39.6613878713728;109.340738968822;12.7054141904636;48.5574526156051;65.5321113162077;18.2788575783702;C;11
55.9668269682609;158.91238886714;79.2800741899642;91.628306434709;107.026649805049;111.133025752254;38.0437293922995;144.096359061484;110.391770312726;D;11
126.557119586588;-3.99737854377554;147.983389891035;75.5479577312946;137.17376406224;121.038200883475;141.50355591586;96.3843447722799;95.9497499907902;E;11
146.585992716828;13.8165827538899;71.3544980085578;132.236460501509;108.64855822707;85.6133775485497;148.630767298327;90.9575187786043;50.6376550665817;F;11
12.5366301589445;11.859651492523;48.4723641671387;95.5883904942127;127.074420415438;68.3250066297255;161.930853183642;45.3188006172043;80.3007511734554;G;11
56.6503576083163;109.627911279059;33.9382239358719;76.0334938295699;138.617485996853;12.958778474454;141.128813190966;54.5404563757073;158.556049790753;H;11
53.1094065740379;44.5233716181107;92.41610479229;184.607921471816;161.725064710773;59.1860242173528;137.691980080726;170.36879496643;83.6494863069869;I;11
113.378039067249;57.4600490215846;45.6556904616958;144.295304547658;24.4539283978171;128.636524758163;4.14886127758914;31.2242369349292;17.4431974782407;J;11
37.0396363994212;67.5456202951663;82.7635700186523;160.965322609503;32.8981992331357;167.545402625057;169.886889321114;114.697031740478;114.588646546267;A;12
21.1218167213007;42.1691175486131;51.9936854001443;135.793006106693;57.4261829342416;133.437867137793;107.096332319928;125.179774201399;175.698886532984;B;12
62.1936653502137;118.96131023972;178.306676475185;31.9130729708297;109.007130219107;14.4743960537613;55.1417854264556;70.0992857481148;7.07710911530146;C;12
54.9855637987592;146.500732435191;69.4340554160325;103.886005859545;110.213968994566;72.5442362136513;48.3293614961596;155.733975992856;109.259786948788;D;12
161.656081155009;24.78756988234;123.628087451469;70.0856618056072;139.620403758027;122.159891952704;154.456776333688;115.240753704017;94.2713050152037;E;12
146.335125477826;-0.330754426416432;85.7885993940777;108.601564396117;114.757225020736;89.3093650514458;151.718127473137;86.9705695192198;44.5658872592188;F;12
10.3357574769606;39.55759384924;63.125679854993;106.995359328778;106.099229165094;71.1162081002336;167.952653771829;40.1359278427063;85.7406213428407;G;12
70.4158718408449;129.614150800169;33.6306331094717;97.4604360168996;123.593703001185;9.65346528226972;139.281212075516;76.0798876557373;152.888137930665;H;12
71.2672545623243;66.0344678842491;84.5006108494878;152.852537258517;146.952625381125;72.781729114614;148.855503230817;180.981110509607;67.640896681472;I;12
122.060211686352;72.0478308969771;60.3208038830898;122.171936985013;53.5225979642305;114.249715580482;14.7132964423437;44.8337023207488;16.05844306181;J;12
69.8525840109827;69.7759097551748;120.041343348068;145.132126392093;29.7464216220023;146.982601803158;179.446643547228;132.384139752966;107.627162793766;A;13
8.57125838275145;30.0163622291979;38.2015426272885;120.973977019097;58.0069830222132;124.119358871281;70.8742876659004;134.59030920644;165.714110472832;B;13
54.1613857960539;146.220311367136;181.069271922556;19.8463680580818;103.246223431774;18.9870330268254;59.5697475427607;67.9598862492061;22.2766376268489;C;13
67.3858362530619;171.346491830542;62.6682891392563;78.6297405970366;106.415411708639;96.7445349161033;28.4892573052808;143.103880831778;121.035860178616;D;13
145.038558323097;30.2641517606469;119.142943455435;75.665118559621;143.830263816566;123.617413350826;155.186880895416;108.412422427221;91.3285841772995;E;13
165.163905694695;-3.93282614655816;82.5046419869627;140.37166518114;127.212373364349;80.3199968114162;154.824306274106;56.7459096209595;42.1058522896227;F;13
13.780252165028;1.7151403388315;40.2812609002703;85.1545361059849;116.333849377866;87.4095767282143;157.936929102499;51.2997242858827;78.6996129433208;G;13
64.4010294079888;116.060127077806;55.7315381463164;84.9021170898553;146.612596841605;3.70687677636209;162.540549410575;49.7619943173385;150.19790694282;H;13
61.6314986950096;64.4883812527229;99.9114924604061;163.145182812519;162.782015926369;65.2699395956789;139.335258438385;152.710069139258;76.3055883174452;I;13
124.912633744998;85.5089261996812;57.9361795618019;153.464950027322;47.0453019401742;120.671297308032;15.6423780071759;46.4142025467373;19.4718259422537;J;13
47.4442990824652;53.7962070892866;93.3045820423626;153.891966923789;38.737768190526;163.302464097731;161.09534074135;117.664571426447;109.523688045752;A;14
18.9979247404632;40.7192694079486;42.6517179675892;107.621009780796;80.2822958991858;121.059526007545;113.686465724788;108.930880099861;171.217178325083;B;14
89.1587823847048;142.275138188448;169.64021186467;19.7295596137704;116.535750758209;34.4482259435616;38.6032478652343;66.7037478660375;-5.7226187982306;C;14
79.1037566602418;168.483904842275;57.4000984270446;92.331792637684;117.25109911602;100.907751279005;39.1106832596883;153.133503949064;126.201534813021;D;14
155.042258914641;19.1507529385183;141.503824519041;73.4282054223311;146.190515554163;126.247328152892;138.8137503153;105.975385464219;90.0282900827482;E;14
129.770887488521;0.626627875040218;78.3029551330058;139.537336004567;117.876585018844;85.1516145439643;144.839157811739;81.8012931272926;58.7649234244808;F;14
22.5611841866247;6.43576746988371;68.4184983251854;91.9457735032087;106.959902840935;84.792067919902;150.415756474424;60.0400244213256;83.8922913647993;G;14
62.0302893903612;111.982479236752;38.0182579397462;90.0690839447547;130.84679080002;20.0324079537872;142.671546315306;62.958175805161;159.875415565537;H;14
47.7305277576525;56.4582498177704;89.657357517176;162.837886193699;148.094308735078;79.7866044531532;125.857279455036;176.58563585879;73.4640618123918;I;14
133.462869595145;95.5045296594862;67.4771597612584;136.511106496635;42.2453811875557;129.77974375648;6.94219096279083;43.0539432956924;3.36547663632756;J;14
46.2040133184178;91.4476156916218;89.7610182777981;157.247775601412;35.7817529474324;164.632652104526;176.903007589984;108.577666492203;113.396715575274;A;15
25.7674018038596;35.4083906870314;35.7614502335685;136.284206204665;62.8352975425179;117.438048753207;87.2182472685311;131.697243122593;189.864772865915;B;15
60.7455123021353;129.503465446944;167.131073569575;34.1279134031207;108.317917240351;17.2194381648262;68.0911446630354;78.7259908837797;1.65620835354836;C;15
64.5277147333186;136.815002888938;68.0202585702053;93.4420584992111;123.048707331689;98.9776911163287;39.8515550829436;171.67655680485;115.886863824434;D;15
133.702079956999;24.5765689941943;122.381990933449;75.6757888811361;145.402840013308;117.483531302325;157.409872681173;95.1321494133524;97.9503083200074;E;15
140.313082089736;-6.70611941726582;85.0315483660068;149.631717708508;112.203645950906;73.7844582689154;160.044892263711;78.9749996270049;44.1969276441313;F;15
16.7423462809543;40.750502086511;70.7517473704529;100.466307018021;114.860820391331;63.6456657660115;172.772340490258;31.5786763041189;72.992985566359;G;15
52.5135596225586;108.300508346109;48.127922167194;82.7612331309884;138.86891508094;9.60646974020228;162.230313363947;53.1119831529733;167.672339270959;H;15
70.7067597283917;61.1905518410103;93.9751335959995;160.504210929431;163.911515600597;91.4168769416355;135.897175153326;185.799420333304;75.9880480543237;I;15
116.171814305619;110.101753208702;56.3544413619076;135.022594560815;35.6352811449002;126.205920168983;31.1398128174619;41.644567228783;10.6090389435203;J;15
37.3117152375006;55.8932019551897;92.8196888561942;142.568941229337;37.4212779768646;155.262789211758;169.960991941845;124.632460003918;99.8846924747934;A;16
25.5331057526044;40.1510897260887;31.6709585467479;140.638051346608;58.7443098499829;117.645617882175;99.9237059514818;135.845834789374;183.83838522472;B;16
58.2478576451355;128.871195115311;155.997030044656;48.8244653757535;125.265506030667;3.58120889604858;40.1084505536888;60.0042937396352;16.3428713777832;C;16
72.9495793957793;160.020888717904;35.3017055192828;79.1082544225336;108.920882338095;101.059938032013;43.5614984635214;149.082284072948;131.590290951657;D;16
139.152414419684;10.6972073091936;141.959196207156;77.8494729275386;155.139930472762;107.958630473785;137.808163650169;101.871860134209;95.2359309897579;E;16
146.178140100611;4.97264764745198;75.0323235368074;134.235431996706;140.160493511033;102.183560813972;146.156209976191;75.7405876957555;53.4668778853752;F;16
29.6109613481314;14.9352224095012;38.6680771664309;82.0265732642581;120.95012347382;69.9384056742779;145.095117403991;54.9060976734006;90.5103826315937;G;16
75.6969256881744;105.324261668362;56.3958386020394;101.037218826144;135.110454799831;-8.09965068813897;173.754846847288;54.4932595636989;151.968682414664;H;16
59.0939500417473;60.1924144277921;85.6246062989409;158.113229402415;147.908116927741;92.1280978205677;145.110424836936;161.378662426001;78.5667169653405;I;16
105.400286815739;81.9149967621888;52.567103390556;138.111523724384;30.7205635236578;117.177020280623;21.3460464665877;49.4628417025477;41.3233618445973;J;16
72.7681752639196;82.9219764736596;101.33412553732;167.526112293457;27.1541891867344;156.646533620585;177.005724450148;132.882793741735;89.1917474846592;A;17
17.7921903518165;23.3483107725825;27.5204020371961;113.722867705307;72.8377788913464;139.530645168071;90.1210203636315;130.987637048642;180.2163899183;B;17
73.819605657819;137.44403050714;178.213529363614;27.3313605352057;102.624434262441;21.3982646936215;34.996885399025;68.8075214229847;-1.62100684541652;C;17
68.695837041145;168.13859749824;68.5394264887978;86.2889952394891;90.4682287924351;73.6507589720514;12.288507673008;145.982543483932;102.865575915176;D;17
148.064259160303;8.28762918137809;113.001664328606;79.7902533409569;141.09651490164;101.364984259157;138.847111322019;113.686839448467;88.4110932212321;E;17
140.440363386405;-21.0853904684211;89.4353966629992;132.554778279082;135.534470231691;99.9275812666992;151.889840034611;89.8574565983283;42.6668480589351;F;17
16.929174918636;8.54488324593426;64.1970439518906;100.413623087804;120.389230169508;66.1452142531234;153.735309269884;66.8927195148588;78.0494510329273;G;17
55.8285739139783;107.484289493333;53.1256302888808;89.4879457235256;132.993426768732;23.443828117362;161.730075362319;67.2644515920337;160.939230815152;H;17
48.7009492731003;60.5543734668311;61.5000510204062;166.04957851135;162.276986552637;87.2756761973384;136.763210448134;175.650668466504;85.1109619936743;I;17
138.131024843212;67.9616184666148;56.2098130879193;122.246627585536;32.9698173927397;120.210154475876;30.1600371257478;49.1843904415483;14.6887445631819;J;17
62.9890096205735;69.2972632170685;122.909938612521;170.247941108499;35.1529435779312;154.641152607466;182.954268724745;121.577017482773;118.656395581229;A;18
8.03412299190547;32.8516994026067;39.7481608416145;115.766107936972;69.8685386964859;118.642430494587;83.3348137961755;117.170148713012;186.344876853915;B;18
55.873434742105;143.681323784516;151.154179792605;33.5283649365375;128.189024020988;41.5986826021464;39.3482528254634;91.0183560780685;-9.5116292951227;C;18
75.2522453293823;152.884294479714;44.6261322849481;85.7259001324385;120.847535961173;81.2753659100703;34.9527376820686;137.472501335928;117.851341493537;D;18
142.516083561834;31.3308671250247;135.179065810397;57.5508864627814;160.595445881845;112.691277090344;155.179793544673;109.069593039747;111.890243749461;E;18
124.751937635853;-3.17365883248954;84.1608568508589;130.821103440922;134.482241349817;72.3319839695389;137.67021156951;66.4982389799745;49.093908817258;F;18
12.7435470828936;20.81057528546;66.5418129316699;88.9555910063502;122.455611589477;80.6490152869992;155.943619896472;43.9101435362795;91.7323643968789;G;18
53.5280380144732;108.308188389844;49.3812871458868;78.9530301702274;156.732277893598;31.2742045464004;150.400313252755;53.9440189772648;168.661459627493;H;18
58.9933422499709;62.1595523322614;86.55321774834;155.049724488755;176.010095024006;72.471992294156;143.665935370719;160.934668822993;79.5090778347274;I;18
116.686918542305;71.5216846768099;60.4000057660649;148.730578412463;49.7703696522905;123.996663305418;45.7378254046251;43.4870290894627;28.454457985696;J;18
65.8229784447527;50.1370954732363;104.776155757255;150.888188689449;34.1060611493763;145.014339297755;165.402418733345;110.451308349554;124.040910691305;A;19
7.81020832024939;35.6331579156847;19.0842247930766;121.510267584121;58.7381949629596;153.478466572761;85.3208595541531;130.7399650739;178.63678557761;B;19
52.3511981756512;151.74227649259;191.741874805258;13.4660367296839;119.230775722549;29.5147916050211;31.0687682269737;89.674687746188;6.25246240685412;C;19
70.8017666599989;163.35835146168;47.1427653295291;80.0327275837257;102.369486057723;88.427660502149;23.1041946936895;156.30312354994;114.994284392007;D;19
145.594931394828;20.8623289686896;130.098355359419;69.0164254815356;150.520241839368;128.514283414371;148.615246832218;82.6306438558232;87.1240475409548;E;19
132.225854700009;-7.72354801704641;80.4582181803651;147.239730840156;119.186546116011;98.9566816200997;147.56450205545;83.6346452203445;43.5969602398028;F;19
-16.1669782307046;29.5961953589583;74.9300306264491;83.7339867224147;128.373512686121;68.6072634863239;159.452951411618;53.59543223062;77.0037343696982;G;19
53.4262243281036;117.948701162142;56.557422290906;77.416349325198;159.830480639988;2.90670710804028;154.027444958268;80.4574422158028;158.968173024494;H;19
68.1081044077798;55.5617500158663;80.106058554182;146.619404273061;165.221052614317;79.8307853662602;139.294720546304;177.962713329911;71.7630398211624;I;19
127.655409408237;88.4192685296029;60.6175952918223;138.073738313113;43.9027906888156;134.933932324201;38.1006968805237;41.6033167412006;17.9944634353503;J;19
46.8097719255257;59.286378718627;114.768224905329;175.018322076933;36.6763132363367;156.696211634924;182.503662411527;106.318887211401;104.225275959815;A;20
16.7297359703628;40.1090330894526;54.1434438502882;111.678776297536;90.94700614082;170.111169769577;109.671763132732;129.639227868799;189.828540715677;B;20
56.5417459123872;152.757514049398;171.269592360752;33.9284098161382;116.505425860383;-2.89115167713226;29.555525242715;81.4002443116285;-1.42800803431003;C;20
79.7976027153465;162.566580181389;50.8377533814722;100.437506873261;121.684798864752;88.7560544205061;28.8920244290933;139.986885703033;114.391207024186;D;20
142.909734647992;16.3596300144457;120.432547152283;67.1864233892482;163.523499708761;127.8586412973;151.358935545368;91.8936230334145;94.0992654647471;E;20
149.157228378082;0.0154353858563345;105.958597510924;138.671595044399;126.29544995095;100.79499666386;151.979330616096;88.7027296292709;39.2365871347538;F;20
23.0633058334655;21.4552641315282;36.2231924543202;97.2492028029196;86.6287130261566;82.9878837835614;167.498473367076;62.0163255404913;99.3422847267197;G;20
62.0658455029077;122.291495218684;77.0004442179323;73.0841854515591;134.636615843126;16.6479475190943;151.070349322146;58.1376822613306;157.959236007537;H;20
53.6159519199147;60.2655615468405;83.1297181723753;172.764580563115;160.152002970118;78.0872053982799;121.228682354994;168.036132415034;70.9621711519676;I;20
139.882287728337;85.183476124162;54.0194547469349;144.227426827672;23.4435683517452;133.577632241669;9.8345799984733;41.4696062236509;28.8156987587304;J;20
27.7899099177232;66.3239819362407;104.689210957981;158.595377104802;23.3910131982898;161.436199363756;189.014128925529;130.005778045186;115.817089972792;A;21
5.67362128414436;30.0724626986971;41.1141027338717;114.624177852099;78.2024665951599;129.800706011738;86.9700079806718;129.757563979071;189.792853313407;B;21
65.8496252066121;145.313401152776;171.275224357407;34.2814696500092;89.3416629433458;34.7623519803212;65.9795375323282;72.0870988021551;-0.690804559300596;C;21
67.1686219049541;134.526529006145;41.7013171790577;94.9150549362405;110.257454289719;85.3249371460478;42.192173409764;165.241253179979;128.569931734851;D;21
153.167814018615;23.3495900977982;133.803337381935;68.3869045340005;145.079973554363;113.526903713851;147.953706591138;108.240222060631;107.098453483373;E;21
143.446340635129;9.16922594431993;90.4056568440059;113.074419772943;118.106229616699;88.5029100789859;171.253028225304;91.0279234719335;63.8263892581624;F;21
16.7939045203293;15.6551616767684;63.52441599824;91.9251202655713;119.794371685892;73.3444135521876;148.416079274219;70.0525801182738;82.2708127598936;G;21
59.1344932236257;105.985252419369;36.1288132530399;93.8571847870355;138.480689106913;-4.59339503598853;151.457927261429;57.9053545489109;151.810945701225;H;21
59.9263846323816;56.1295415104143;62.0329952996335;149.004521150429;158.051197947858;65.9348505865869;136.784914452939;171.889392469568;90.5741694836562;I;21
135.20815023486;87.4972898239582;55.3176242598269;133.896531368246;37.7249614051466;134.124845645694;12.6832481040631;45.859977229547;28.6526219077923;J;21
59.253842937736;59.5471571366356;93.6706178942439;151.255468938837;30.950180590666;174.018284382542;167.4767422694;123.509676979488;115.398543939411;A;22
-12.9094334647571;13.7583023045784;24.1213154707881;124.832174527657;71.7234951923323;125.863377519443;68.7573172029989;124.155583963377;192.296301401419;B;22
74.1337278506404;148.062594259655;158.709148931864;36.8606575507432;131.178366575034;16.0943606380012;33.9281805775838;71.7699363986015;11.2760708355728;C;22
72.5770763403906;151.531245657671;57.2827749052373;86.43757302441;114.593553039513;64.4057728969433;39.6269783510355;141.840866128722;120.49916078221;D;22
138.710497715213;14.3209870002905;127.155799658005;67.8061331535601;162.740827461661;126.436320832771;143.343105191238;103.081410057228;79.0109320283291;E;22
151.59424977987;-7.95402399146736;93.8623388389801;124.722838345107;121.942876132433;86.0226672684863;168.057354055071;69.3855039356264;43.0597952449032;F;22
8.82985666890711;17.6783225475952;66.7931907316528;102.06862151887;124.991672188893;81.1396813323004;160.972380588201;50.5250770556117;93.9282312217102;G;22
56.987734735759;124.169077076985;38.4977039049394;87.1895248799838;142.969505979082;9.53252921835066;153.712440451769;74.9486856135966;145.987427131749;H;22
70.977125829373;54.2046672876551;82.6550443980962;158.726347776366;148.14862789374;72.3363798521916;135.706043670479;169.46900669715;55.1581580658856;I;22
145.448915159869;65.9317069874073;62.1778349983279;104.143801320741;28.3158300715504;137.772646685614;12.3209934557831;37.2137126611356;28.5418630623126;J;22
50.4921083749503;77.9487040846252;117.101516451722;150.721215167421;55.0055843973617;159.368532267827;172.532711433392;124.79773706074;107.018779293382;A;23
6.8996885862852;34.6003267110712;31.2195112587951;131.293175577265;60.86613883801;147.058061139288;77.7970698754006;99.2203015848018;177.428008809725;B;23
56.5151993495861;138.341122704331;151.258206683523;34.1175023964504;126.808404831301;29.1396261786906;53.0556532024131;70.5203940852378;1.2692136916584;C;23
65.519502483814;150.286569722334;63.5813448551955;74.6912429459802;105.260125065909;72.9317350060582;31.7421251927257;150.994789358558;108.470710354352;D;23
133.564881665673;28.4341990158164;129.077063577535;69.6361707670513;136.779511123888;119.565066216726;148.675236569291;122.990798378924;93.5936804891135;E;23
139.494795872914;-5.7423198725795;103.626340241186;128.060665501206;109.349504736134;61.1117100855402;167.497169594745;73.2486884645151;38.8508722060506;F;23
16.6660201683066;26.396412689871;60.363128947331;88.3397434233152;107.097815158847;70.4450426209619;160.155498791722;44.8263933608815;80.4208792409099;G;23
51.3124704335161;125.213706962453;40.2125227055664;91.1042704473996;118.43566798767;9.6401069929267;153.260660049914;83.8874570944364;145.570484325669;H;23
88.8946968595237;55.4034781836409;81.348001174963;175.804509834394;146.740704417174;78.9585385531053;139.452473543698;176.583673027621;73.8536067843391;I;23
129.812758925314;80.4831895388286;53.5104194426173;146.156604923063;46.218665778105;130.936656989007;15.3186303789816;44.1292729408152;20.1185830984929;J;23
59.0936320401274;76.8500005705824;104.973956774916;175.93862753877;30.4930344283873;155.737922825466;186.067389116633;124.064374761917;131.417756638047;A;24
-11.7697111142395;42.8316263670678;33.5443934312139;120.365439123416;86.506343093593;136.999419566665;88.9491430877919;124.697489242269;184.520863340753;B;24
75.8163438701363;160.188560291745;177.405423667311;46.6291009707679;115.574524713926;24.4417678758208;56.7879967120991;57.3902122349444;5.44748904670903;C;24
55.6673806680885;136.920820317434;64.4645866655919;76.9636632323232;98.5419232590253;78.7071151258091;37.302923059243;156.636735557309;137.503610638128;D;24
152.161211706865;7.78064335343819;126.601097316028;72.6371832846602;144.924396342924;109.672400840188;155.08477889912;100.436624789306;86.4228602104746;E;24
146.065423258621;-9.5655757172256;76.4952987547843;153.670852025371;118.801499150201;73.5445958393987;152.927438264026;77.8683033635911;49.798857392733;F;24
8.64694269339318;19.5807081757651;63.2759366070904;93.2258872759962;114.721599494897;57.8792463291302;137.5372204432;39.6913594948563;72.508267176855;G;24
73.0736276555274;133.002974864285;45.8181357058304;83.0850554299052;138.535886450956;9.91904445515802;163.649644116216;53.07696288504;146.27900905761;H;24
55.3907113561057;76.8583770733156;87.5716027901662;154.753565845581;156.403434202144;70.0128439706209;129.581324018468;177.735047073339;83.3527647707778;I;24
122.446499126258;76.8819533855447;69.5997975223002;143.988371663676;44.0685811629607;112.320348333002;26.8784607491023;34.6716303916376;20.1959179508414;J;24
37.7808375553238;75.7690345602255;120.633961589829;184.539295816678;41.6993774957754;166.388660036139;160.302624983633;123.938968594083;108.414091831062;A;25
4.43974261662767;35.6266747415754;22.2420508538636;127.785682766871;76.9051457437976;131.893166959926;88.6411444969983;141.592866196779;193.272357679783;B;25
77.8581818319128;144.629857438305;184.687746167266;35.5730050499389;118.622994542202;25.7107408689124;42.5599534314097;78.9733349429459;18.3524845750118;C;25
73.1668537680557;160.306707000979;52.5954841092733;107.512257244823;99.8531955786085;90.2629453104824;31.0615724959162;135.63970932526;113.015314984398;D;25
153.014767107544;11.8194499092493;132.931492209189;66.2410951014254;152.26383379872;112.730487680278;134.380041124024;100.816103972139;94.9666321969876;E;25
138.182935063565;1.26666708257411;88.1251166551353;143.131798093445;128.818094735202;66.5222682240387;145.179653402674;78.9566331251055;53.9811334389467;F;25
16.4859314038374;16.5554961869922;54.1598221939717;89.1407160939457;115.124773264066;57.2526205532192;166.281740973418;61.8982262799575;63.9690001194147;G;25
62.2726905986196;131.095142234418;60.3855509392941;75.9206709894148;134.055037941489;-10.2421340235295;145.39257628431;64.8652936882803;146.725931562793;H;25
48.1404546247495;49.7096006465702;79.1541041154682;172.778754239572;166.532982191895;83.8185903206123;137.067297146098;159.826939077046;87.5995120849207;I;25
146.036935043418;50.8556349235586;65.168700143205;118.278079895995;49.8894063566203;124.395160011074;18.9010851367788;40.8043386953997;29.6266300690973;J;25
49.1360359749148;74.6650841166662;102.981048401908;160.394902815553;37.4468030534985;181.074116402826;163.655343342787;130.215487325396;110.223181114974;A;26
18.7775186757402;28.9138172743393;22.4654124679107;123.819264831888;65.2160230756565;124.012617624426;107.014342536032;138.518630724227;168.500563268847;B;26
77.9576990672718;135.579070605957;180.393833033727;33.7624766442092;133.824856327433;37.4189743560099;29.4057144144116;87.8064957522703;10.5082243996701;C;26
68.3241752581814;165.591402542513;40.3794157486942;70.3943434559744;95.4848724887698;99.598631629276;33.8310131729788;139.119870751061;134.920581221816;D;26
139.905020733104;11.7989900143309;125.006445593115;67.6153857740063;138.651074233059;108.895950873927;128.836755916533;92.8390858928201;73.4372664224287;E;26
151.020858728357;0.788946623704709;70.4873860375091;116.246115516129;133.19211488581;93.1123874287206;141.607196350437;75.1141900700106;40.010118040313;F;26
2.24924699547794;32.9281541734132;58.8721179919077;112.585803904411;109.907783804193;79.043279986252;163.860594102374;62.8021453782111;102.038545845708;G;26
79.5444152159962;122.439761195852;49.0872460235236;67.5698484056135;146.871732860675;13.6972055620018;179.437750563605;62.0545639001912;155.948915645598;H;26
58.5667069856913;65.5014010981962;74.5558724261508;139.534516096154;146.171007335373;85.2679355997155;154.138683745548;187.74067677656;76.2177346254428;I;26
144.794095191413;70.6322528444164;65.0729168995428;143.252171914392;41.8741268671045;125.20649361214;23.7370159996928;49.7884193412726;14.0985024554685;J;26
62.9136863050843;55.6149634015949;92.7846030175213;172.551846276343;34.4830036056887;181.987530627172;163.512219965154;120.368112236893;109.542066951798;A;27
11.9511860200207;22.1091519383162;38.372230449399;121.704230409561;78.0563452281239;126.614053641448;110.011456736382;147.468048819125;186.141035429693;B;27
74.0785414466969;137.706283401997;170.625235595341;36.1174489513224;130.593359947807;35.723096189775;45.754808422552;74.6845146630042;4.38815086866541;C;27
58.5843474772595;176.561544507413;68.4155788748277;94.0248524895374;106.887187324451;83.5973601410858;24.6049205881251;155.845939968481;115.776650267298;D;27
146.193239960998;21.6468908219503;120.883139895303;88.0165868901528;153.920979048077;120.013329979;127.353194156876;99.82663645374;86.1435566050767;E;27
152.520246287663;5.84334551254663;86.8549518033628;115.910921466364;106.693956213508;85.2547871075713;149.177425949269;77.2070277936511;42.9864374321906;F;27
13.7130133550629;21.2301449195675;52.3007130933316;106.39913814118;116.533862338756;71.8979906310728;180.998617536329;45.6382565848056;70.5952060418838;G;27
55.2896722622111;113.304604081774;31.7541989681681;88.0982620265886;125.834501947479;14.2836707425691;168.415272965158;48.2148265848962;177.847971622689;H;27
55.8452095240705;46.0919472779742;87.2700891684636;157.202265997247;157.625877239001;79.376007138309;145.493009076479;170.682751290973;93.9633581271365;I;27
127.893417942438;98.7563943601134;76.3010134512439;148.927128046387;36.3446648809699;128.31621268829;5.53621759832628;44.4611203098216;32.5789802471093;J;27
58.483173972346;62.7454410478024;96.6328960681909;172.875139049794;33.9507391885532;175.299449115464;167.326168052642;137.219880982123;114.404653926083;A;28
6.28177938114883;34.0894083625435;29.7820406985371;136.443637257763;67.2554827360931;139.706404050732;100.50384911443;140.955450631327;173.879965816533;B;28
67.1962311849075;122.016722569033;175.139378928835;35.2740523945304;126.814108583863;24.342982736438;44.9621877688254;65.9374252086192;20.872592890661;C;28
55.8884322343957;154.064269979004;61.6242745021484;94.5361452816021;106.381700716781;88.3026312219484;26.698929281962;158.265143648252;107.410062562694;D;28
147.906303290922;16.956813476068;149.70333340977;76.9866536679468;166.312777988373;112.223254547155;141.448704076965;88.6931439742797;104.956880032418;E;28
155.163136905243;1.64451263481929;93.2735490444804;126.644477412822;105.650006622975;88.0506475053955;147.924741151418;80.0555436631405;46.3889187766218;F;28
27.6926385801187;0.0345278301417054;80.1422466231154;110.926497618179;122.753910774191;83.1586628718143;160.770583223233;57.5662120942919;91.2573300797554;G;28
67.9780686627283;135.003312232936;49.9321139920534;87.7554128781633;159.08127017836;23.3030234707752;181.508172824615;44.0592451923368;165.213542929761;H;28
43.7051401465488;77.7153510210119;74.4040575004891;160.048856693723;144.22361484506;80.1581736635377;145.427825158519;184.838297307168;78.108558777393;I;28
133.072937209901;78.8949886209361;62.7767400171153;141.565402651637;28.5220460682456;145.329262753789;34.3924047365471;37.3099312873974;27.8174284357513;J;28
52.35291539859;55.974895490383;93.8680428351995;167.374747411616;32.3270530852345;165.280563638503;170.536249873421;100.839037930918;85.3803806042341;A;29
7.58752582586249;44.2205170508523;21.7095917940258;116.606398249965;70.0559096939285;140.128718945562;85.030375422635;116.744345978704;176.963093409694;B;29
70.1112270076618;137.475436668223;166.352198298027;37.6538690799541;114.914337154105;38.1278038356618;54.6786143912296;49.7929845923182;10.7266399195285;C;29
60.1894727313351;153.346490570413;70.6019864055685;112.838865672643;103.302224939522;88.1967390903417;18.6644941301366;144.806830695212;142.209328010101;D;29
149.75548267093;33.0562955893611;133.707070283021;73.3034662880021;167.03373901435;106.38864730595;155.619742701609;107.804576707528;83.8885887983462;E;29
138.813111557571;-8.07920947974406;94.0416144712173;128.853754046333;125.912228315097;77.0425767478259;152.800094168772;73.2418915566874;46.37601089235;F;29
-2.96859336534862;12.7917165035627;66.082317315701;100.697470735402;130.081419520249;66.6842874817216;134.094634230143;40.5804342583322;82.8583143008668;G;29
56.1565337920499;109.844734082039;44.7244992248911;90.152952153978;108.213345961789;0.826616301050066;148.866884010794;57.6972891644925;164.890558925587;H;29
76.0473773392734;60.277007612321;61.7209129771577;155.212689691707;166.865995223145;84.3799613571854;135.778810240944;172.972984649784;75.7761797091504;I;29
124.909828521352;56.2703472544953;66.5224558553804;125.448458535778;49.6046072162253;122.062963391659;41.7967284344853;46.6535273246752;25.7435348425369;J;29
55.119059787669;59.9489692363393;124.804764096939;171.955416274101;31.4766678560916;172.899861274607;169.251650673855;123.419281782129;103.610499633265;A;30
20.5873850861395;44.2347443709508;32.364050449816;124.852562548469;66.8900793119345;162.412271232651;74.747574107073;126.721152112139;178.349362290825;B;30
68.4503193414457;144.592288901794;154.697797103787;43.00812605864;133.978931004252;18.5670523314892;45.2310098578163;68.7362027123745;-9.17641941760672;C;30
65.3066092171056;146.805329165642;57.587311748242;83.8611727375451;108.334033899682;92.5385208532344;24.5089305638196;160.157692440247;118.753268892524;D;30
137.666219839439;25.0220299644974;120.922794495689;57.5082946210621;158.152081396368;110.717904750242;125.187726088136;115.354039698593;89.3423143834933;E;30
149.48001395985;-20.1267810339739;85.4850195058656;132.507418943395;130.568109500293;115.163820055891;148.334556514578;70.5788660284877;42.4234923600254;F;30
2.08765433126278;14.4990595640459;63.6900273484614;117.259934374401;117.57791798373;62.4402857987043;145.756021225914;57.7607236181243;75.7938580163317;G;30
62.2931497891187;124.287016021191;55.1073819971691;71.5204278266017;135.015066567348;26.9493578790669;184.397068586933;61.2188985821731;167.729049085767;H;30
59.5080343829318;53.4891136786618;88.0949743613814;150.747637524627;141.3821150801;78.894145556993;142.700193146164;186.120721353775;72.5220071242488;I;30
105.603748603784;71.6349601759303;49.2236860053077;122.915149199919;15.1014256740042;137.313483142577;28.1552419517502;53.4902398758158;25.4402013850554;J;30
